attendance,assignment_score,Predicted_Marks
89,90,91.68174380660982
78,92,93.66673929008448
